Mutation,WT_energy,MUT_energy,DDG
mB207A,-10.8857,-10.5385,0.34719999999999906
mB207C,-10.8857,-10.5426,0.34309999999999974
mB207D,-10.8857,-10.0572,0.8285
mB207E,-10.8857,-10.2886,0.5970999999999993
mB207F,-10.8857,-10.783,0.10270000000000046
mB207G,-10.8857,-10.6111,0.2745999999999995
mB207H,-10.8857,-10.4007,0.48499999999999943
mB207I,-10.8857,-10.5769,0.30879999999999974
mB207K,-10.8857,-11.0102,-0.12449999999999939
mB207L,-10.8857,-10.6361,0.24959999999999916
mB207M,-10.8857,-10.5584,0.32729999999999926
mB207N,-10.8857,-10.4349,0.4507999999999992
mB207P,-10.8857,-10.5561,0.3295999999999992
mB207Q,-10.8857,-10.557,0.32869999999999955
mB207R,-10.8857,-11.4563,-0.5706000000000007
mB207S,-10.8857,-10.5376,0.3481000000000005
mB207T,-10.8857,-10.552,0.33370000000000033
mB207V,-10.8857,-10.5473,0.33840000000000003
mB207W,-10.8857,-10.3619,0.5237999999999996
mB207Y,-10.8857,-10.5454,0.34029999999999916
mB218A,-10.8857,-10.8869,-0.001200000000000756
mB218C,-10.8857,-10.8865,-0.0007999999999999119
mB218D,-10.8857,-10.9413,-0.055600000000000094
mB218E,-10.8857,-10.9074,-0.02170000000000094
mB218F,-10.8856,-10.8234,0.0622000000000007
mB218G,-10.8857,-10.8869,-0.001200000000000756
mB218H,-10.8857,-10.8067,0.07900000000000063
mB218I,-10.8857,-10.8845,0.001200000000000756
mB218K,-10.8857,-10.891,-0.005300000000000082
mB218L,-10.8857,-10.8666,0.019099999999999895
mB218M,-10.8857,-10.8865,-0.0007999999999999119
mB218N,-10.8857,-10.8803,0.005399999999999849
mB218P,-10.8857,-10.8869,-0.001200000000000756
mB218Q,-10.8857,-10.8851,0.000600000000000378
mB218R,-10.8857,-10.8825,0.0031999999999996476
mB218S,-10.8857,-10.8869,-0.001200000000000756
mB218T,-10.8857,-10.8865,-0.0007999999999999119
mB218V,-10.8857,-10.881,0.004699999999999704
mB218W,-10.8857,-10.8179,0.06780000000000008
mB218Y,-10.8857,-10.8308,0.05489999999999995
mB329A,-10.8857,-10.843,0.04269999999999996
mB329C,-10.8857,-10.8181,0.06760000000000055
mB329D,-10.8857,-10.8471,0.038600000000000634
mB329E,-10.8857,-11.1195,-0.23380000000000045
mB329F,-10.8857,-10.8538,0.03190000000000026
mB329G,-10.8857,-10.9106,-0.02490000000000059
mB329H,-10.8857,-10.7565,0.1291999999999991
mB329I,-10.8857,-11.417,-0.5312999999999999
mB329K,-10.8857,-10.9675,-0.08179999999999943
mB329L,-10.8857,-11.0956,-0.2098999999999993
mB329M,-10.8857,-11.6668,-0.7811000000000003
mB329N,-10.8857,-10.8937,-0.008000000000000895
mB329P,-10.8857,-10.9614,-0.07569999999999943
mB329Q,-10.8857,-10.9243,-0.038600000000000634
mB329R,-10.8857,-10.9124,-0.026699999999999946
mB329S,-10.8857,-10.7259,0.1598000000000006
mB329T,-10.8857,-10.5666,0.3191000000000006
mB329V,-10.8857,-10.9632,-0.07750000000000057
mB329W,-10.8857,-10.8398,0.04589999999999961
mB329Y,-10.8857,-10.8277,0.05799999999999983
